tipo_atributo,preprocessamento,acuracia
count,sem,0.9416666666666667
count,com,0.9083333333333333
tfidf,sem,0.95
tfidf,com,0.9083333333333333
cooc,sem,0.8916666666666667
cooc,com,0.8333333333333334
word2vec,sem,0.5666666666666667
word2vec,com,0.8916666666666667
stats,sem,0.8166666666666667
stats,com,0.8166666666666667
